Title,Worldwide Gross,Production Budget,Release Year,Content Rating,Running Time,Genre,Creative Type,Rotten Tomatoes Rating,IMDB Rating,Profit Ratio,Decade,Budget Tier
From Dusk Till Dawn,25728961,20000000,1996,R,107,Horror,Fantasy,63,7.1,1.28644805,1990,Low
Broken Arrow,148345997,65000000,1996,R,108,Action,Contemporary Fiction,55,5.8,2.2822461076923077,1990,Medium
City Hall,20278055,40000000,1996,R,111,Drama,Contemporary Fiction,55,6.1,0.506951375,1990,Low
Happy Gilmore,38623460,10000000,1996,PG-13,92,Comedy,Contemporary Fiction,58,6.9,3.862346,1990,Low
Fargo,51204567,7000000,1996,R,87,Thriller,Contemporary Fiction,94,8.3,7.314938142857143,1990,Low
The Craft,55669466,15000000,1996,R,100,Thriller,Fantasy,45,5.9,3.7112977333333332,1990,Low
Twister,495900000,88000000,1996,PG-13,117,Action,Contemporary Fiction,57,6.0,5.635227272727272,1990,Medium
Dragonheart,104364680,57000000,1996,PG-13,108,Adventure,Fantasy,50,6.2,1.830959298245614,1990,Medium
The Phantom,17220599,45000000,1996,PG,100,Action,Super Hero,43,4.8,0.3826799777777778,1990,Low
The Rock,336069511,75000000,1996,R,136,Action,Contemporary Fiction,66,7.2,4.480926813333333,1990,Medium
The Cable Guy,102825796,47000000,1996,PG-13,95,Comedy,Contemporary Fiction,52,5.8,2.187782893617021,1990,Low
Eraser,234400000,100000000,1996,R,115,Action,Contemporary Fiction,34,5.9,2.344,1990,Medium
The Hunchback of Notre Dame,325500000,100000000,1996,G,86,Adventure,Historical Fiction,73,6.5,3.255,1990,Medium
The Nutty Professor,273814019,55000000,1996,PG-13,95,Comedy,Kids Fiction,67,5.6,4.978436709090909,1990,Medium
Striptease,32773011,50000000,1996,R,115,Comedy,Contemporary Fiction,12,3.9,0.65546022,1990,Low
Independence Day,817400878,75000000,1996,PG-13,145,Adventure,Science Fiction,61,6.5,10.898678373333333,1990,Medium
Phenomenon,142836382,32000000,1996,PG,124,Drama,Contemporary Fiction,50,6.3,4.4636369375,1990,Low
Courage Under Fire,100833145,46000000,1996,R,115,Drama,Historical Fiction,85,6.6,2.1920248913043476,1990,Low
Multiplicity,20133326,45000000,1996,PG-13,117,Comedy,Science Fiction,44,5.7,0.44740724444444446,1990,Low
Trainspotting,24000785,3100000,1996,R,94,Drama,Contemporary Fiction,89,8.2,7.74218870967742,1990,Low
A Time to Kill,152266007,40000000,1996,R,150,Drama,Contemporary Fiction,68,7.1,3.806650175,1990,Low
Kingpin,32223424,25000000,1996,R,113,Comedy,Contemporary Fiction,51,6.7,1.28893696,1990,Low
The Adventures of Pinocchio,36682170,25000000,1996,G,94,Adventure,Fantasy,27,5.3,1.4672868,1990,Low
Chain Reaction,60209334,55000000,1996,PG-13,106,Action,Contemporary Fiction,13,5.2,1.0947151636363637,1990,Medium
Escape from L.A.,25426861,50000000,1996,R,101,Action,Science Fiction,56,5.3,0.50853722,1990,Low
Jack,58617334,45000000,1996,PG-13,113,Drama,Contemporary Fiction,17,5.3,1.3026074222222221,1990,Low
Tin Cup,75854588,45000000,1996,R,105,Romantic Comedy,Contemporary Fiction,69,6.1,1.6856575111111112,1990,Low
The Fan,18582965,55000000,1996,R,117,Thriller,Contemporary Fiction,40,5.6,0.3378720909090909,1990,Medium
The Island of Dr. Moreau,27682712,40000000,1996,PG-13,95,Adventure,Science Fiction,23,4.1,0.6920678,1990,Low
The First Wives Club,181489203,30000000,1996,PG,90,Comedy,Contemporary Fiction,41,5.6,6.0496401,1990,Low
Extreme Measures,17378193,38000000,1996,R,117,Drama,Contemporary Fiction,55,5.9,0.45732086842105263,1990,Low
That Thing You Do!,31748615,2500000,1996,PG,110,Drama,Historical Fiction,92,6.7,12.699446,1990,Low
The Ghost and the Darkness,38564422,55000000,1996,R,109,Action,Dramatization,51,6.6,0.7011713090909091,1990,Medium
The Long Kiss Goodnight,33447612,65000000,1996,R,120,Action,Contemporary Fiction,69,6.6,0.5145786461538462,1990,Medium
Sleepers,165600852,44000000,1996,R,105,Drama,Dramatization,73,7.3,3.7636557272727273,1990,Low
Set It Off,36049108,9000000,1996,R,120,Drama,Contemporary Fiction,61,6.3,4.0054564444444445,1990,Low
Ransom,308700000,70000000,1996,R,121,Action,Contemporary Fiction,70,6.6,4.41,1990,Medium
The Mirror Has Two Faces,41267469,42000000,1996,PG-13,127,Romantic Comedy,Contemporary Fiction,54,6.0,0.9825587857142857,1990,Low
The English Patient,231716374,35000000,1996,R,160,Drama,Historical Fiction,83,7.3,6.620467828571429,1990,Low
Space Jam,250200000,80000000,1996,PG,87,Comedy,Kids Fiction,36,5.6,3.1275,1990,Medium
Jingle All the Way,129832389,60000000,1996,PG,89,Comedy,Kids Fiction,16,4.9,2.16387315,1990,Medium
Shine,35811509,5500000,1996,PG-13,105,Drama,Dramatization,90,7.6,6.5111834545454546,1990,Low
Daylight,158908290,80000000,1996,PG-13,115,Action,Contemporary Fiction,22,5.4,1.986353625,1990,Medium
Mars Attacks!,101371017,80000000,1996,PG-13,110,Comedy,Science Fiction,50,6.3,1.2671377125,1990,Medium
Jerry Maguire,274000000,50000000,1996,R,138,Romantic Comedy,Contemporary Fiction,84,7.2,5.48,1990,Low
Beavis and Butt-head Do America,63118386,12000000,1996,PG-13,80,Comedy,Contemporary Fiction,71,6.6,5.2598655,1990,Low
My Fellow Americans,22331846,21500000,1996,PG-13,102,Comedy,Contemporary Fiction,50,6.3,1.038690511627907,1990,Low
Scream,173046663,15000000,1996,R,110,Horror,Contemporary Fiction,81,2.9,11.5364442,1990,Low
Evita,151947179,55000000,1996,PG,134,Musical,Dramatization,61,6.1,2.7626759818181816,1990,Medium
The Relic,33956608,60000000,1997,R,110,Horror,Science Fiction,32,5.4,0.5659434666666666,1990,Medium
Dante's Peak,178200000,115000000,1997,PG-13,108,Drama,Contemporary Fiction,28,5.6,1.5495652173913044,1990,High
Absolute Power,50068310,50000000,1997,R,120,Thriller,Contemporary Fiction,46,6.5,1.0013662,1990,Low
Donnie Brasco,55954997,35000000,1997,R,121,Drama,Dramatization,87,7.7,1.5987142,1990,Low
Liar Liar,302710615,45000000,1997,PG-13,87,Comedy,Contemporary Fiction,82,6.7,6.726902555555555,1990,Low
The Saint,169400000,90000000,1997,PG-13,116,Action,Contemporary Fiction,30,5.9,1.8822222222222222,1990,Medium
The Fifth Element,263900000,95000000,1997,PG-13,105,Action,Science Fiction,72,7.4,2.7778947368421054,1990,Medium
Con Air,224117573,80000000,1997,R,115,Action,Contemporary Fiction,57,6.6,2.8014696625,1990,Medium
Batman & Robin,238317814,125000000,1997,PG-13,130,Action,Super Hero,11,3.5,1.906542512,1990,High
My Best Friend's Wedding,287200000,46000000,1997,PG-13,105,Comedy,Contemporary Fiction,72,6.2,6.243478260869566,1990,Low
Face/Off,241200000,80000000,1997,R,138,Action,Contemporary Fiction,93,7.3,3.015,1990,Medium
Men in Black,587790539,90000000,1997,PG-13,98,Adventure,Science Fiction,91,7.0,6.5310059888888885,1990,Medium
Contact,165900000,90000000,1997,PG,150,Drama,Science Fiction,67,7.3,1.8433333333333333,1990,Medium
Air Force One,315268353,85000000,1997,R,124,Action,Contemporary Fiction,78,6.3,3.7090394470588235,1990,Medium
Air Bud,27555061,3000000,1997,PG,97,Comedy,Kids Fiction,45,4.6,9.185020333333334,1990,Low
Conspiracy Theory,137118990,80000000,1997,R,135,Thriller,Contemporary Fiction,51,6.5,1.713987375,1990,Medium
The Full Monty,257938649,3500000,1997,R,90,Comedy,Contemporary Fiction,95,7.2,73.69675685714286,1990,Low
Cop Land,63706632,15000000,1997,R,105,Drama,Contemporary Fiction,71,6.9,4.2471088,1990,Low
Event Horizon,26673242,60000000,1997,R,95,Horror,Science Fiction,21,6.3,0.4445540333333333,1990,Medium
Money Talks,41076865,25000000,1997,R,95,Action,Contemporary Fiction,17,5.7,1.6430746,1990,Low
The Game,48265581,50000000,1997,R,128,Thriller,Contemporary Fiction,80,7.7,0.96531162,1990,Low
In & Out,83226569,35000000,1997,PG-13,92,Comedy,Contemporary Fiction,71,6.1,2.3779019714285714,1990,Low
L.A. Confidential,110604977,35000000,1997,R,137,Drama,Historical Fiction,99,8.4,3.1601422,1990,Low
The Peacemaker,62967368,50000000,1997,R,123,Action,Contemporary Fiction,45,5.8,1.25934736,1990,Low
Boogie Nights,43111725,15000000,1997,R,152,Drama,Historical Fiction,92,7.9,2.874115,1990,Low
Seven Years in Tibet,131445884,70000000,1997,PG-13,139,Drama,Dramatization,59,6.7,1.8777983428571428,1990,Medium
Eve's Bayou,14843425,5000000,1997,R,109,Drama,Historical Fiction,80,7.0,2.968685,1990,Low
Starship Troopers,121100000,100000000,1997,R,129,Action,Science Fiction,60,7.1,1.211,1990,Medium
Anastasia,139801410,53000000,1997,G,94,Musical,Factual,85,6.6,2.637762452830189,1990,Medium
The Jackal,159356941,60000000,1997,R,124,Thriller,Contemporary Fiction,12,6.0,2.655949016666667,1990,Medium
Midnight in the Garden of Good and Evil,25078937,35000000,1997,R,155,Drama,Contemporary Fiction,50,6.5,0.7165410571428571,1990,Low
The Rainmaker,45916769,40000000,1997,PG-13,135,Drama,Contemporary Fiction,84,6.9,1.147919225,1990,Low
Flubber,177993801,80000000,1997,PG,93,Comedy,Kids Fiction,17,4.6,2.2249225125,1990,Medium
Amistad,44212592,40000000,1997,R,152,Drama,Dramatization,77,7.1,1.1053148,1990,Low
Scream 2,101363301,24000000,1997,R,120,Horror,Contemporary Fiction,80,5.9,4.223470875,1990,Low
The Apostle,21277770,5000000,1997,PG-13,148,Drama,Contemporary Fiction,91,7.1,4.255554,1990,Low
Titanic,1842879955,200000000,1997,PG-13,194,Thriller,Historical Fiction,82,7.4,9.214399775,1990,High
Tomorrow Never Dies,339504276,110000000,1997,PG-13,119,Action,Contemporary Fiction,55,6.4,3.086402509090909,1990,High
As Good as it Gets,314111923,50000000,1997,PG-13,138,Romantic Comedy,Contemporary Fiction,85,7.8,6.28223846,1990,Low
Jackie Brown,72673162,12000000,1997,R,154,Drama,Contemporary Fiction,85,7.6,6.056096833333333,1990,Low
The Postman,17650704,80000000,1997,R,177,Action,Science Fiction,10,5.5,0.2206338,1990,Medium
Wag the Dog,64252038,15000000,1997,R,120,Drama,Contemporary Fiction,84,7.0,4.2834692,1990,Low
The Replacement Killers,19035741,30000000,1998,R,86,Action,Contemporary Fiction,39,5.9,0.6345247,1990,Low
Sphere,50168294,73000000,1998,PG-13,132,Horror,Science Fiction,12,5.6,0.687236904109589,1990,Medium
The Big Lebowski,46189568,15000000,1998,R,127,Comedy,Contemporary Fiction,78,8.2,3.0793045333333335,1990,Low
Primary Colors,39017984,65000000,1998,R,143,Comedy,Dramatization,80,6.7,0.600276676923077,1990,Medium
Lost In Space,136117629,80000000,1998,PG-13,131,Adventure,Science Fiction,26,4.8,1.7014703625,1990,Medium
Mercury Rising,32983332,60000000,1998,R,112,Thriller,Contemporary Fiction,17,5.8,0.5497222,1990,Medium
City of Angels,198750909,55000000,1998,PG-13,117,Drama,Fantasy,59,6.4,3.613652890909091,1990,Medium
He Got Game,21567853,25000000,1998,R,134,Drama,Contemporary Fiction,80,6.8,0.86271412,1990,Low
Deep Impact,349464664,80000000,1998,PG-13,120,Adventure,Science Fiction,47,6.0,4.3683083,1990,Medium
Bulworth,29203383,30000000,1998,R,107,Comedy,Contemporary Fiction,75,6.8,0.9734461,1990,Low
The Horse Whisperer,75383563,60000000,1998,PG-13,168,Drama,Contemporary Fiction,71,6.3,1.2563927166666666,1990,Medium
Godzilla,376000000,125000000,1998,PG-13,139,Action,Science Fiction,25,4.8,3.008,1990,High
Hope Floats,81529000,30000000,1998,PG-13,114,Drama,Contemporary Fiction,23,5.3,2.717633333333333,1990,Low
The Truman,248400000,60000000,1998,PG,102,Drama,Contemporary Fiction,95,8.0,4.14,1990,Medium
"Six Days, Seven Nights",164800000,80000000,1998,PG-13,101,Romantic Comedy,Contemporary Fiction,37,4.7,2.06,1990,Medium
Out of Sight,37562568,48000000,1998,R,129,Drama,Contemporary Fiction,93,7.1,0.7825535,1990,Low
Armageddon,554600000,140000000,1998,PG-13,150,Adventure,Contemporary Fiction,42,6.1,3.9614285714285713,1990,High
Lethal Weapon 4,285400000,140000000,1998,R,127,Action,Contemporary Fiction,54,6.4,2.0385714285714287,1990,High
Small Soldiers,71743823,40000000,1998,PG-13,110,Comedy,Kids Fiction,46,5.9,1.793595575,1990,Low
There's Something About Mary,360099999,22000000,1998,R,119,Romantic Comedy,Contemporary Fiction,83,7.2,16.368181772727272,1990,Low
The Mask of Zorro,233700000,65000000,1998,PG-13,136,Adventure,Historical Fiction,82,6.7,3.5953846153846154,1990,Medium
Saving Private Ryan,481635085,65000000,1998,R,169,Drama,Historical Fiction,91,8.5,7.409770538461538,1990,Medium
The Negotiator,49105766,50000000,1998,R,138,Action,Contemporary Fiction,81,7.2,0.98211532,1990,Low
Snake Eyes,103891409,73000000,1998,R,99,Thriller,Contemporary Fiction,41,5.8,1.4231699863013698,1990,Medium
Blade,131237688,45000000,1998,R,121,Action,Super Hero,55,7.0,2.9163930666666666,1990,Low
Rounders,22921898,12000000,1998,R,120,Drama,Contemporary Fiction,64,7.3,1.9101581666666667,1990,Low
Simon Birch,18253415,20000000,1998,PG,110,Drama,Contemporary Fiction,44,6.7,0.91267075,1990,Low
One True Thing,26708196,30000000,1998,R,127,Drama,Contemporary Fiction,88,6.9,0.8902732,1990,Low
Rush Hour,245300000,35000000,1998,PG-13,98,Action,Contemporary Fiction,60,6.8,7.008571428571429,1990,Low
Ronin,41610884,55000000,1998,R,121,Action,Contemporary Fiction,68,7.2,0.7565615272727273,1990,Medium
Antz,152457863,60000000,1998,PG,83,Adventure,Kids Fiction,95,6.8,2.5409643833333333,1990,Medium
Beloved,22852487,53000000,1998,R,172,Drama,Historical Fiction,77,5.3,0.431179,1990,Medium
Bride of Chucky,50692188,25000000,1998,R,89,Horror,Fantasy,43,5.3,2.02768752,1990,Low
Practical Magic,68336997,60000000,1998,PG-13,105,Comedy,Fantasy,21,5.5,1.13894995,1990,Medium
Vampires,20268825,20000000,1998,R,108,Horror,Fantasy,33,6.8,1.01344125,1990,Low
Elizabeth,82150642,25000000,1998,R,124,Drama,Dramatization,81,7.6,3.28602568,1990,Low
The Waterboy,190191646,23000000,1998,PG-13,86,Comedy,Contemporary Fiction,32,5.7,8.269202,1990,Low
Meet Joe Black,44650003,85000000,1998,PG-13,154,Drama,Fantasy,50,6.9,0.5252941529411764,1990,Medium
A Bug's Life,363109485,45000000,1998,G,96,Adventure,Fantasy,91,7.3,8.069099666666666,1990,Low
Enemy of the State,250649836,85000000,1998,R,127,Action,Contemporary Fiction,70,7.2,2.9488216,1990,Medium
Babe: Pig in the City,69131860,80000000,1998,G,75,Adventure,Kids Fiction,61,6.1,0.86414825,1990,Medium
Psycho,37226218,20000000,1998,R,100,Horror,Contemporary Fiction,35,4.5,1.8613109,1990,Low
A Simple Plan,16316273,17000000,1998,R,121,Drama,Contemporary Fiction,90,7.6,0.9597807647058824,1990,Low
Rushmore,19080435,10000000,1998,R,89,Black Comedy,Contemporary Fiction,87,7.8,1.9080435,1990,Low
Shakespeare in Love,279500000,26000000,1998,R,122,Romantic Comedy,Historical Fiction,93,7.4,10.75,1990,Low
The Prince of Egypt,218600000,60000000,1998,PG,97,Adventure,Dramatization,79,6.8,3.6433333333333335,1990,Medium
You've Got Mail,250800000,65000000,1998,PG,119,Drama,Contemporary Fiction,68,6.2,3.8584615384615386,1990,Medium
The Thin Red Line,36400491,52000000,1998,R,166,Drama,Dramatization,78,7.5,0.7000094423076924,1990,Medium
A Civil Action,56709981,60000000,1998,PG-13,112,Drama,Contemporary Fiction,61,6.4,0.94516635,1990,Medium
The Faculty,40283321,15000000,1998,R,102,Horror,Contemporary Fiction,51,6.3,2.6855547333333334,1990,Low
Patch Adams,202200000,50000000,1998,PG-13,110,Comedy,Contemporary Fiction,24,6.3,4.044,1990,Low
Stepmom,119709917,50000000,1998,PG-13,127,Drama,Contemporary Fiction,43,6.2,2.39419834,1990,Low
Varsity Blues,54294169,16000000,1999,R,104,Drama,Contemporary Fiction,39,6.0,3.3933855625,1990,Low
Blast from the Past,26613620,35000000,1999,PG-13,111,Comedy,Contemporary Fiction,60,6.4,0.7603891428571429,1990,Low
My Favorite Martian,36850101,60000000,1999,PG,93,Comedy,Science Fiction,13,4.5,0.61416835,1990,Medium
8MM,96398826,40000000,1999,R,119,Thriller,Contemporary Fiction,22,6.3,2.40997065,1990,Low
Analyze This,176885658,30000000,1999,R,103,Comedy,Contemporary Fiction,68,6.6,5.8961886,1990,Low
Cruel Intentions,75803716,11000000,1999,R,95,Drama,Contemporary Fiction,47,6.7,6.891246909090909,1990,Low
The Corruptor,15164492,10000000,1999,R,110,Action,Contemporary Fiction,48,5.8,1.5164492,1990,Low
EDtv,35319689,60000000,1999,PG-13,122,Comedy,Contemporary Fiction,62,6.0,0.5886614833333333,1990,Medium
The Matrix,460279930,65000000,1999,R,136,Action,Science Fiction,86,8.7,7.0812296923076925,1990,Medium
Life,73521587,75000000,1999,R,108,Comedy,Contemporary Fiction,50,5.3,0.9802878266666667,1990,Medium
Election,14943582,8500000,1999,R,103,Black Comedy,Contemporary Fiction,92,7.4,1.7580684705882352,1990,Low
Entrapment,211700000,66000000,1999,PG-13,112,Thriller,Contemporary Fiction,38,6.1,3.2075757575757575,1990,Medium
The Mummy,416385488,80000000,1999,PG-13,124,Adventure,Fantasy,54,6.8,5.2048186,1990,Medium
Tea with Mussolini,14395874,14000000,1999,PG,116,Drama,Dramatization,67,6.7,1.0282767142857143,1990,Low
Instinct,34105207,55000000,1999,R,123,Drama,Contemporary Fiction,27,6.2,0.6200946727272727,1990,Medium
Tarzan,448191819,145000000,1999,G,88,Adventure,Historical Fiction,88,6.9,3.0909780620689653,1990,High
The General's Daughter,149705852,60000000,1999,R,116,Drama,Contemporary Fiction,22,6.1,2.4950975333333334,1990,Medium
Big Daddy,234779795,30000000,1999,PG-13,95,Comedy,Contemporary Fiction,40,4.7,7.825993166666667,1990,Low
Wild Wild West,222105681,175000000,1999,PG-13,107,Adventure,Historical Fiction,21,4.3,1.26917532,1990,High
Summer of Sam,19288130,22000000,1999,R,142,Drama,Historical Fiction,50,6.5,0.8767331818181818,1990,Low
American Pie,234800000,12000000,1999,R,95,Comedy,Contemporary Fiction,59,6.9,19.566666666666666,1990,Low
Muppets From Space,16304786,24000000,1999,G,88,Comedy,Kids Fiction,62,6.1,0.6793660833333334,1990,Low
Eyes Wide Shut,86257553,65000000,1999,R,159,Drama,Contemporary Fiction,78,7.2,1.327039276923077,1990,Medium
Lake Placid,31770413,27000000,1999,R,82,Thriller,Contemporary Fiction,38,5.3,1.176681962962963,1990,Low
The Haunting,180188905,80000000,1999,PG-13,114,Horror,Contemporary Fiction,17,4.6,2.2523613125,1990,Medium
Deep Blue Sea,165048228,60000000,1999,R,105,Action,Contemporary Fiction,57,5.6,2.7508038,1990,Medium
Runaway Bride,308007919,70000000,1999,PG,116,Romantic Comedy,Contemporary Fiction,45,5.2,4.400113128571428,1990,Medium
The Iron Giant,31333917,50000000,1999,PG,86,Adventure,Kids Fiction,97,7.9,0.62667834,1990,Low
The Sixth Sense,672806292,40000000,1999,PG-13,107,Thriller,Contemporary Fiction,85,8.2,16.8201573,1990,Low
The Thomas Crown Affair,124304264,48000000,1999,R,111,Drama,Contemporary Fiction,67,6.7,2.589672166666667,1990,Low
Bowfinger,98699769,55000000,1999,PG-13,96,Comedy,Contemporary Fiction,79,6.4,1.7945412545454547,1990,Medium
The 13th Warrior,61698899,125000000,1999,R,103,Action,Fantasy,33,6.3,0.493591192,1990,High
Stigmata,89441732,32000000,1999,R,103,Horror,Contemporary Fiction,22,6.0,2.795054125,1990,Low
American Beauty,356258047,15000000,1999,R,118,Drama,Contemporary Fiction,89,8.6,23.750536466666667,1990,Low
Blue Streak,117448157,36000000,1999,PG-13,95,Action,Contemporary Fiction,35,5.9,3.2624488055555556,1990,Low
For Love of the Game,46112640,50000000,1999,PG-13,137,Drama,Contemporary Fiction,64,6.2,0.9222528,1990,Low
Double Jeopardy,177835231,40000000,1999,R,105,Action,Contemporary Fiction,25,6.0,4.445880775,1990,Low
Three Kings,107752036,48000000,1999,R,115,Action,Historical Fiction,94,7.3,2.244834083333333,1990,Low
Drive Me Crazy,22591451,8000000,1999,PG-13,91,Comedy,Contemporary Fiction,26,5.1,2.823931375,1990,Low
Random Hearts,63200000,64000000,1999,R,133,Drama,Contemporary Fiction,15,4.8,0.9875,1990,Medium
Fight Club,100853753,65000000,1999,R,139,Drama,Contemporary Fiction,81,8.8,1.5515962,1990,Medium
The Story of Us,27100030,50000000,1999,R,74,Romantic Comedy,Contemporary Fiction,28,5.6,0.5420006,1990,Low
Bringing Out The Dead,16640210,32000000,1999,R,120,Black Comedy,Contemporary Fiction,71,6.8,0.5200065625,1990,Low
The Best Man,34572780,9000000,1999,R,120,Romantic Comedy,Contemporary Fiction,71,6.1,3.84142,1990,Low
Being John Malkovich,32382381,13000000,1999,R,112,Black Comedy,Fantasy,92,7.9,2.4909523846153845,1990,Low
House on Haunted Hill,40846082,19000000,1999,R,96,Horror,Contemporary Fiction,25,5.2,2.149793789473684,1990,Low
The Bone Collector,151463090,48000000,1999,R,118,Thriller,Contemporary Fiction,27,6.3,3.1554810416666665,1990,Low
The Insider,60265197,68000000,1999,R,157,Drama,Dramatization,96,8.0,0.8862528970588235,1990,Medium
Anywhere But Here,18653615,23000000,1999,PG-13,114,Drama,Contemporary Fiction,64,5.9,0.8110267391304348,1990,Low
Dogma,43948865,10000000,1999,R,135,Comedy,Contemporary Fiction,68,7.3,4.3948865,1990,Low
The World is Not Enough,361730660,135000000,1999,PG-13,125,Action,Contemporary Fiction,51,6.3,2.67948637037037,1990,High
Sleepy Hollow,207068340,70000000,1999,R,105,Horror,Historical Fiction,68,7.5,2.958119142857143,1990,Medium
Toy Story 2,484966906,90000000,1999,G,92,Adventure,Kids Fiction,100,8.0,5.388521177777778,1990,Medium
End of Days,212026975,100000000,1999,R,120,Action,Fantasy,11,5.4,2.12026975,1990,Medium
The Green Mile,286601374,60000000,1999,R,187,Drama,Fantasy,77,8.4,4.776689566666667,1990,Medium
Anna and the King,39251128,75000000,1999,PG-13,147,Drama,Dramatization,51,6.5,0.5233483733333333,1990,Medium
Bicentennial Man,87420776,90000000,1999,PG,132,Drama,Science Fiction,38,6.4,0.9713419555555556,1990,Medium
Magnolia,48446802,37000000,1999,R,188,Drama,Contemporary Fiction,83,8.0,1.309373027027027,1990,Low
Stuart Little,298800000,105000000,1999,PG,92,Comedy,Kids Fiction,65,5.8,2.8457142857142856,1990,High
Man on the Moon,47407635,52000000,1999,R,118,Drama,Dramatization,62,7.4,0.9116852884615385,1990,Medium
Any Given Sunday,100230832,60000000,1999,R,162,Drama,Contemporary Fiction,49,6.6,1.6705138666666666,1990,Medium
The Talented Mr. Ripley,81292135,40000000,1999,R,139,Drama,Historical Fiction,82,7.2,2.032303375,1990,Low
The Hurricane,73956241,38000000,1999,R,125,Drama,Dramatization,83,7.4,1.9462168684210526,1990,Low
Next Friday,59675307,9500000,2000,R,98,Comedy,Contemporary Fiction,21,5.3,6.281611263157894,2000,Low
My Dog Skip,35512760,7000000,2000,PG,95,Drama,Kids Fiction,72,6.9,5.073251428571429,2000,Low
Scream 3,161838076,40000000,2000,R,118,Horror,Contemporary Fiction,38,5.3,4.0459519,2000,Low
The Beach,39778599,50000000,2000,R,119,Drama,Contemporary Fiction,19,4.5,0.79557198,2000,Low
Pitch Black,53182088,23000000,2000,R,110,Horror,Science Fiction,55,7.0,2.312264695652174,2000,Low
Wonder Boys,33422485,35000000,2000,R,111,Comedy,Contemporary Fiction,81,7.5,0.9549281428571429,2000,Low
Mission to Mars,106000000,90000000,2000,PG,116,Adventure,Science Fiction,24,5.1,1.1777777777777778,2000,Medium
Erin Brockovich,258400000,50000000,2000,R,133,Drama,Dramatization,83,7.2,5.168,2000,Low
Final Destination,112802314,23000000,2000,R,98,Horror,Fantasy,31,6.8,4.9044484347826085,2000,Low
Romeo Must Die,91036760,25000000,2000,R,114,Action,Contemporary Fiction,33,5.9,3.6414704,2000,Low
High Fidelity,47881663,20000000,2000,R,114,Comedy,Contemporary Fiction,92,7.6,2.39408315,2000,Low
The Road to El Dorado,65700000,95000000,2000,PG,90,Adventure,Kids Fiction,49,6.4,0.6915789473684211,2000,Medium
The Skulls,35007180,15000000,2000,PG-13,107,Thriller,Contemporary Fiction,8,5.3,2.333812,2000,Low
Rules of Engagement,71719931,60000000,2000,R,127,Thriller,Contemporary Fiction,37,6.2,1.1953321833333332,2000,Medium
28 Days,62063972,43000000,2000,PG-13,103,Comedy,Contemporary Fiction,30,5.8,1.4433481860465116,2000,Low
Love and Basketball,27709625,15000000,2000,PG-13,125,Drama,Historical Fiction,81,6.7,1.8473083333333333,2000,Low
U-571,127630030,62000000,2000,PG-13,116,Action,Historical Fiction,68,6.4,2.058548870967742,2000,Medium
The Flintstones in Viva Rock Vegas,59431365,58000000,2000,PG,90,Comedy,Kids Fiction,24,3.3,1.0246787068965517,2000,Medium
Gladiator,457683805,103000000,2000,R,150,Action,Historical Fiction,77,8.3,4.443532087378641,2000,High
Road Trip,119739110,16000000,2000,R,94,Comedy,Contemporary Fiction,59,6.4,7.483694375,2000,Low
Shanghai Noon,71189835,55000000,2000,PG-13,110,Western,Historical Fiction,78,6.6,1.2943606363636364,2000,Medium
Big Momma's House,173559438,33000000,2000,PG-13,98,Comedy,Contemporary Fiction,30,4.7,5.259376909090909,2000,Low
Shaft,107190108,53012938,2000,R,99,Action,Contemporary Fiction,68,5.9,2.0219612804708165,2000,Medium
Titan A.E.,36751979,75000000,2000,PG,95,Adventure,Science Fiction,51,6.4,0.49002638666666665,2000,Medium
Chicken Run,227793915,42000000,2000,G,84,Adventure,Kids Fiction,96,7.3,5.423664642857143,2000,Low
"Me, Myself & Irene",149270999,51000000,2000,R,116,Romantic Comedy,Contemporary Fiction,48,6.9,2.9268823333333334,2000,Medium
The Patriot,215300000,110000000,2000,R,165,Drama,Historical Fiction,62,6.9,1.9572727272727273,2000,High
The Perfect Storm,328711434,120000000,2000,PG-13,130,Drama,Dramatization,47,6.2,2.73926195,2000,High
Scary Movie,277200000,19000000,2000,R,88,Comedy,Contemporary Fiction,53,6.0,14.589473684210526,2000,Low
The Kid,69688384,65000000,2000,PG,104,Comedy,Contemporary Fiction,49,5.9,1.0721289846153845,2000,Medium
X-Men,334627820,75000000,2000,PG-13,104,Action,Super Hero,82,7.4,4.461704266666667,2000,Medium
What Lies Beneath,288693989,90000000,2000,PG-13,130,Thriller,Contemporary Fiction,45,6.5,3.207710988888889,2000,Medium
Hollow Man,191200000,90000000,2000,R,112,Horror,Science Fiction,28,5.5,2.1244444444444444,2000,Medium
Space Cowboys,128874043,65000000,2000,PG-13,130,Adventure,Science Fiction,79,6.3,1.9826775846153846,2000,Medium
Autumn in New York,90717684,40000000,2000,PG-13,106,Drama,Contemporary Fiction,21,4.8,2.2679421,2000,Low
Bless the Child,40435694,40000000,2000,R,108,Thriller,Fantasy,3,4.8,1.01089235,2000,Low
The Replacements,50054511,50000000,2000,PG-13,118,Comedy,Contemporary Fiction,39,6.2,1.00109022,2000,Low
The Original Kings of Comedy,38236338,3000000,2000,R,116,Concert,Factual,86,6.2,12.745446,2000,Low
The Art of War,30199105,40000000,2000,R,117,Thriller,Contemporary Fiction,16,5.5,0.754977625,2000,Low
Bring it On,90453550,10000000,2000,PG-13,99,Comedy,Contemporary Fiction,63,5.9,9.045355,2000,Low
Nurse Betty,27732366,24000000,2000,R,110,Black Comedy,Contemporary Fiction,84,6.4,1.15551525,2000,Low
Almost Famous,47371191,60000000,2000,R,123,Comedy,Dramatization,88,8.0,0.78951985,2000,Medium
Best in,20695413,6000000,2000,PG-13,90,Comedy,Contemporary Fiction,94,7.4,3.4492355,2000,Low
Remember the Titans,136706683,30000000,2000,PG,113,Drama,Contemporary Fiction,72,7.5,4.556889433333334,2000,Low
Meet the Parents,301500000,55000000,2000,PG-13,108,Comedy,Contemporary Fiction,84,7.0,5.4818181818181815,2000,Medium
Billy Elliot,109280263,5000000,2000,PG-13,110,Drama,Contemporary Fiction,85,7.7,21.8560526,2000,Low
Bedazzled,90376224,48000000,2000,PG-13,93,Comedy,Contemporary Fiction,49,5.9,1.882838,2000,Low
Pay it Forward,33508922,40000000,2000,PG-13,123,Drama,Contemporary Fiction,40,6.8,0.83772305,2000,Low
Charlie's Angels,263200000,90000000,2000,PG-13,98,Adventure,Contemporary Fiction,67,5.5,2.9244444444444446,2000,Medium
The Legend of Bagger Vance,39235486,60000000,2000,PG-13,126,Drama,Historical Fiction,43,6.4,0.6539247666666667,2000,Medium
The 6th Day,96024898,82000000,2000,PG-13,123,Action,Science Fiction,40,5.8,1.1710353414634147,2000,Medium
How the Grinch Stole Christmas,345141403,123000000,2000,PG,104,Comedy,Kids Fiction,53,5.7,2.8060276666666666,2000,High
102 Dalmatians,66941559,85000000,2000,G,100,Comedy,Kids Fiction,30,4.4,0.7875477529411765,2000,Medium
Unbreakable,248099143,73243106,2000,PG-13,107,Thriller,Super Hero,68,7.3,3.387337819889834,2000,Medium
Proof of Life,62761005,65000000,2000,R,135,Action,Contemporary Fiction,39,6.1,0.9655539230769231,2000,Medium
Vertical Limit,213500000,75000000,2000,PG-13,124,Action,Contemporary Fiction,47,5.6,2.8466666666666667,2000,Medium
Chocolat,152500343,25000000,2000,PG-13,122,Drama,Historical Fiction,62,7.3,6.10001372,2000,Low
The Emperor's New Groove,169296573,100000000,2000,G,78,Adventure,Kids Fiction,85,7.4,1.69296573,2000,Medium
What Women Want,372100000,65000000,2000,PG-13,127,Romantic Comedy,Contemporary Fiction,53,6.3,5.724615384615385,2000,Medium
Finding Forrester,80013623,43000000,2000,PG-13,137,Drama,Contemporary Fiction,74,7.2,1.8607819302325581,2000,Low
Cast Away,427230516,85000000,2000,PG-13,144,Drama,Contemporary Fiction,89,7.5,5.026241364705882,2000,Medium
The Family Man,124715863,60000000,2000,PG-13,126,Comedy,Contemporary Fiction,52,6.6,2.0785977166666667,2000,Medium
Miss Congeniality,212100000,45000000,2000,PG-13,110,Comedy,Contemporary Fiction,41,6.1,4.713333333333333,2000,Low
Thirteen Days,66554547,80000000,2000,PG-13,145,Drama,Dramatization,82,7.3,0.8319318375,2000,Medium
Traffic,208300000,48000000,2000,R,147,Drama,Contemporary Fiction,91,7.8,4.339583333333334,2000,Low
The Wedding Planner,94728529,28000000,2001,PG-13,103,Romantic Comedy,Contemporary Fiction,16,4.8,3.38316175,2000,Low
Hannibal,350100280,87000000,2001,R,131,Horror,Contemporary Fiction,39,6.4,4.0241411494252874,2000,Medium
Down to Earth,71172251,30000000,2001,PG-13,87,Comedy,Fantasy,19,5.0,2.372408366666667,2000,Low
The Mexican,147808615,40000000,2001,R,124,Action,Contemporary Fiction,55,5.9,3.695215375,2000,Low
Enemy at the Gates,96971293,85000000,2001,R,131,Drama,Historical Fiction,53,7.4,1.1408387411764707,2000,Medium
Exit Wounds,79958599,33000000,2001,R,100,Action,Contemporary Fiction,33,5.2,2.4229878484848486,2000,Low
Someone Like You,38684906,23000000,2001,PG-13,97,Romantic Comedy,Contemporary Fiction,41,5.8,1.6819524347826087,2000,Low
Spy Kids,197692062,35000000,2001,PG,88,Adventure,Kids Fiction,93,5.7,5.6483446285714285,2000,Low
Along Came a Spider,105159085,28000000,2001,R,103,Thriller,Contemporary Fiction,32,6.1,3.755681607142857,2000,Low
Blow,83282296,30000000,2001,R,123,Drama,Dramatization,54,7.4,2.7760765333333333,2000,Low
Joe Dirt,30987695,16000000,2001,PG-13,91,Comedy,Contemporary Fiction,11,5.4,1.9367309375,2000,Low
Crocodile Dundee in Los Angeles,39393111,25000000,2001,PG,95,Adventure,Contemporary Fiction,12,4.6,1.57572444,2000,Low
Driven,54616869,72000000,2001,PG-13,117,Action,Contemporary Fiction,13,4.2,0.758567625,2000,Medium
The Mummy Returns,433007640,98000000,2001,PG-13,129,Adventure,Fantasy,47,6.2,4.418445306122449,2000,Medium
Shrek,484399218,50000000,2001,PG,90,Adventure,Kids Fiction,89,8.0,9.68798436,2000,Low
Pearl Harbor,449239855,151500000,2001,PG-13,183,Action,Dramatization,26,5.4,2.9652795709570956,2000,High
The Animal,55762229,22000000,2001,PG-13,83,Comedy,Contemporary Fiction,30,4.6,2.534646772727273,2000,Low
Evolution,98341932,80000000,2001,PG-13,102,Comedy,Contemporary Fiction,42,5.9,1.22927415,2000,Medium
Swordfish,147080413,80000000,2001,R,99,Action,Contemporary Fiction,25,6.3,1.8385051625,2000,Medium
The Fast and the Furious,206512310,38000000,2001,PG-13,107,Action,Contemporary Fiction,53,6.0,5.43453447368421,2000,Low
Baby Boy,28734552,16000000,2001,R,130,Drama,Contemporary Fiction,69,6.1,1.7959095,2000,Low
Scary Movie 2,141189101,45000000,2001,R,82,Comedy,Contemporary Fiction,14,4.7,3.137535577777778,2000,Low
Kiss of the Dragon,36833473,25000000,2001,R,98,Action,Contemporary Fiction,51,6.3,1.47333892,2000,Low
Legally Blonde,141743426,18000000,2001,PG-13,97,Comedy,Contemporary Fiction,67,6.2,7.874634777777778,2000,Low
The Score,113542091,68000000,2001,R,124,Thriller,Contemporary Fiction,74,6.8,1.6697366323529412,2000,Medium
Planet of the Apes,362211740,100000000,2001,PG-13,120,Adventure,Science Fiction,44,5.5,3.6221174,2000,Medium
The Princess Diaries,165334774,30000000,2001,G,115,Comedy,Contemporary Fiction,46,5.9,5.511159133333333,2000,Low
Rush Hour 2,347425832,90000000,2001,PG-13,90,Action,Contemporary Fiction,51,6.4,3.8602870222222223,2000,Medium
Captain Corelli's Mandolin,62097495,57000000,2001,R,129,Drama,Historical Fiction,29,5.7,1.0894297368421053,2000,Medium
Rat Race,86607223,48000000,2001,PG-13,112,Comedy,Contemporary Fiction,43,6.4,1.8043171458333334,2000,Low
Jay and Silent Bob Strike Back,33762400,22000000,2001,R,104,Comedy,Contemporary Fiction,53,6.8,1.5346545454545455,2000,Low
The Musketeer,27053815,40000000,2001,PG-13,104,Adventure,Historical Fiction,10,4.4,0.676345375,2000,Low
Hardball,44102389,21000000,2001,PG-13,106,Drama,Contemporary Fiction,38,4.1,2.100113761904762,2000,Low
Zoolander,60780981,28000000,2001,PG-13,89,Comedy,Contemporary Fiction,62,6.4,2.1707493214285716,2000,Low
Serendipity,75294136,28000000,2001,PG-13,91,Romantic Comedy,Contemporary Fiction,58,6.6,2.6890762857142856,2000,Low
Training Day,104505362,45000000,2001,R,122,Drama,Contemporary Fiction,72,7.6,2.3223413777777777,2000,Low
Bandits,71523271,75000000,2001,PG-13,123,Comedy,Contemporary Fiction,63,6.5,0.9536436133333334,2000,Medium
From Hell,31598308,35000000,2001,R,123,Thriller,Historical Fiction,57,6.8,0.9028088,2000,Low
Riding in Cars with Boys,29781453,47000000,2001,PG-13,131,Drama,Dramatization,48,6.2,0.6336479361702128,2000,Low
K-PAX,50315140,48000000,2001,PG-13,121,Drama,Science Fiction,40,7.3,1.0482320833333334,2000,Low
Domestic Disturbance,45207112,53000000,2001,PG-13,89,Thriller,Contemporary Fiction,24,5.3,0.8529643773584905,2000,Medium
"Monsters, Inc.",526864330,115000000,2001,G,95,Adventure,Kids Fiction,95,7.4,4.581428956521739,2000,High
The One,43905746,49000000,2001,PG-13,87,Action,Science Fiction,13,5.6,0.8960356326530612,2000,Low
Heist,28483168,35000000,2001,R,109,Action,Contemporary Fiction,66,3.2,0.8138048,2000,Low
Shallow Hal,70836296,40000000,2001,PG-13,113,Romantic Comedy,Contemporary Fiction,50,6.0,1.7709074,2000,Low
Spy Game,143049560,90000000,2001,R,126,Action,Contemporary Fiction,65,6.9,1.5894395555555556,2000,Medium
In the Bedroom,43430604,1700000,2001,R,130,Drama,Contemporary Fiction,93,7.5,25.547414117647058,2000,Low
Ocean's Eleven,450728529,110000000,2001,PG-13,116,Comedy,Contemporary Fiction,81,7.6,4.097532081818182,2000,High
The Royal Tenenbaums,71430876,28000000,2001,R,110,Black Comedy,Contemporary Fiction,79,7.6,2.5511027142857143,2000,Low
Vanilla Sky,202726605,70000000,2001,R,136,Thriller,Contemporary Fiction,39,6.9,2.8960943571428572,2000,Medium
A Beautiful Mind,316708996,78000000,2001,PG-13,135,Drama,Dramatization,78,8.0,4.0603717435897435,2000,Medium
Joe Somebody,24515990,38000000,2001,PG,98,Comedy,Contemporary Fiction,19,5.3,0.6451576315789473,2000,Low
The Majestic,37306334,72000000,2001,PG,153,Drama,Historical Fiction,41,6.8,0.5181435277777777,2000,Medium
Ali,84383966,109000000,2001,R,159,Drama,Dramatization,67,6.6,0.7741648256880734,2000,High
Gosford Park,41300105,18000000,2001,R,137,Comedy,Historical Fiction,86,7.3,2.294450277777778,2000,Low
Monster's Ball,44873922,4000000,2001,R,111,Drama,Contemporary Fiction,85,7.2,11.2184805,2000,Low
Black Hawk Down,173638745,95000000,2001,R,144,Action,Dramatization,76,7.7,1.8277762631578947,2000,Medium
Snow Dogs,115010692,32000000,2002,PG,99,Comedy,Kids Fiction,23,4.9,3.594084125,2000,Low
The Count of Monte Cristo,54228104,40000000,2002,PG-13,131,Drama,Historical Fiction,74,7.6,1.3557026,2000,Low
A Walk to Remember,46060915,11000000,2002,PG,102,Drama,Contemporary Fiction,28,7.1,4.187355909090909,2000,Low
Big Fat Liar,52375275,15000000,2002,PG,88,Comedy,Contemporary Fiction,43,5.2,3.491685,2000,Low
John Q,102226631,36000000,2002,PG-13,116,Drama,Contemporary Fiction,22,6.6,2.8396286388888887,2000,Low
Dragonfly,30063805,60000000,2002,PG-13,104,Drama,Fantasy,7,5.8,0.5010634166666667,2000,Medium
40 Days and 40 Nights,95092667,17000000,2002,R,96,Romantic Comedy,Contemporary Fiction,38,5.4,5.593686294117647,2000,Low
All About the Benjamins,25873145,14000000,2002,R,95,Comedy,Contemporary Fiction,29,5.3,1.8480817857142857,2000,Low
Ice Age,383257136,65000000,2002,PG,81,Adventure,Kids Fiction,77,7.4,5.896263630769231,2000,Medium
Resident Evil,103787401,35000000,2002,R,100,Horror,Science Fiction,34,6.4,2.9653543142857144,2000,Low
Showtime,78948765,85000000,2002,PG-13,95,Comedy,Contemporary Fiction,24,5.3,0.928809,2000,Medium
Clockstoppers,38788828,26000000,2002,PG,94,Adventure,Science Fiction,28,5.0,1.491878,2000,Low
Panic Room,196308367,48000000,2002,R,112,Thriller,Contemporary Fiction,76,6.9,4.089757645833333,2000,Low
High Crimes,63781100,42000000,2002,PG-13,115,Thriller,Contemporary Fiction,31,6.1,1.5185976190476191,2000,Low
My Big Fat Greek Wedding,368744044,5000000,2002,PG,95,Romantic Comedy,Contemporary Fiction,75,6.6,73.7488088,2000,Low
Murder by Numbers,56643267,50000000,2002,R,120,Thriller,Contemporary Fiction,31,5.9,1.13286534,2000,Low
The Scorpion King,164529000,60000000,2002,PG-13,91,Action,Fantasy,40,5.3,2.74215,2000,Medium
Spider-Man,821708551,139000000,2002,PG-13,121,Adventure,Super Hero,89,7.4,5.911572309352518,2000,High
Unfaithful,119114494,50000000,2002,R,123,Drama,Contemporary Fiction,48,6.6,2.38228988,2000,Low
About a Boy,129949664,27000000,2002,PG-13,101,Romantic Comedy,Contemporary Fiction,93,7.4,4.812950518518519,2000,Low
Enough,39177215,38000000,2002,PG-13,115,Thriller,Contemporary Fiction,21,6.5,1.030979342105263,2000,Low
Insomnia,113622499,46000000,2002,R,118,Thriller,Contemporary Fiction,92,6.3,2.4700543260869567,2000,Low
The Sum of All Fears,193500000,68000000,2002,PG-13,124,Action,Contemporary Fiction,59,6.3,2.8455882352941178,2000,Medium
Undercover Brother,38230435,25000000,2002,PG-13,86,Comedy,Contemporary Fiction,76,5.7,1.5292174,2000,Low
Bad Company,69157016,70000000,2002,PG-13,117,Action,Contemporary Fiction,10,5.3,0.9879573714285714,2000,Medium
The Bourne Identity,213300000,60000000,2002,PG-13,110,Action,Contemporary Fiction,82,7.7,3.555,2000,Medium
Scooby-Doo,276294164,84000000,2002,PG,86,Comedy,Kids Fiction,28,4.7,3.289216238095238,2000,Medium
Windtalkers,77628265,115000000,2002,R,134,Action,Historical Fiction,32,5.8,0.6750283913043478,2000,High
Minority Report,358824714,102000000,2002,PG-13,145,Action,Science Fiction,91,7.7,3.5178893529411766,2000,High
Like Mike,62432423,30000000,2002,PG,99,Comedy,Kids Fiction,56,4.4,2.0810807666666666,2000,Low
K-19: The Widowmaker,65716126,90000000,2002,PG-13,138,Action,Dramatization,61,6.5,0.7301791777777777,2000,Medium
Stuart Little 2,166000000,120000000,2002,PG,78,Comedy,Kids Fiction,83,5.6,1.3833333333333333,2000,High
Austin Powers in Goldmember,292738626,63000000,2002,PG-13,94,Comedy,Science Fiction,54,6.2,4.646644857142857,2000,Medium
Signs,408265690,70702619,2002,PG-13,106,Thriller,Science Fiction,74,6.9,5.774406885832617,2000,Medium
Blood Work,26199517,50000000,2002,R,110,Thriller,Contemporary Fiction,54,6.3,0.52399034,2000,Low
xXx,267200000,70000000,2002,PG-13,124,Action,Contemporary Fiction,48,5.5,3.817142857142857,2000,Medium
Barbershop,77081642,12000000,2002,PG-13,103,Comedy,Contemporary Fiction,82,6.2,6.423470166666666,2000,Low
Sweet Home Alabama,163379330,38000000,2002,PG-13,109,Comedy,Contemporary Fiction,37,5.8,4.299456052631579,2000,Low
Red Dragon,206455420,78000000,2002,R,125,Thriller,Contemporary Fiction,68,7.3,2.646864358974359,2000,Medium
The Transporter,43928932,21000000,2002,PG-13,92,Action,Contemporary Fiction,53,6.6,2.091853904761905,2000,Low
The Ring,249094024,48000000,2002,PG-13,115,Horror,Contemporary Fiction,71,5.5,5.189458833333333,2000,Low
I Spy,33561137,70000000,2002,PG-13,97,Action,Contemporary Fiction,15,5.3,0.4794448142857143,2000,Medium
8 Mile,242924075,41000000,2002,R,110,Drama,Contemporary Fiction,74,6.7,5.92497743902439,2000,Low
Harry Potter and the Chamber of Secrets,878987880,100000000,2002,PG,161,Adventure,Fantasy,82,7.2,8.7898788,2000,Medium
Die Another Day,431942139,142000000,2002,PG-13,133,Action,Contemporary Fiction,59,6.0,3.0418460492957746,2000,High
Analyze That,54994757,60000000,2002,R,96,Comedy,Contemporary Fiction,27,5.6,0.9165792833333334,2000,Medium
Maid in Manhattan,154832896,55000000,2002,PG-13,105,Romantic Comedy,Contemporary Fiction,39,4.6,2.8151435636363638,2000,Medium
About Schmidt,105823486,30000000,2002,R,125,Drama,Contemporary Fiction,85,7.3,3.5274495333333333,2000,Low
Gangs of New York,190400000,97000000,2002,R,168,Drama,Historical Fiction,75,7.4,1.9628865979381442,2000,Medium
Catch Me if You Can,351106800,52000000,2002,PG-13,141,Drama,Dramatization,96,5.7,6.752053846153846,2000,Medium
Chicago,307687518,30000000,2002,PG-13,113,Musical,Historical Fiction,88,7.2,10.2562506,2000,Low
The Hours,108775994,25000000,2002,PG-13,115,Drama,Historical Fiction,80,7.6,4.35103976,2000,Low
Just Married,56127162,19000000,2003,PG-13,95,Romantic Comedy,Contemporary Fiction,20,5.1,2.9540611578947367,2000,Low
Final Destination 2,89626226,26000000,2003,R,90,Horror,Fantasy,47,6.4,3.4471625384615385,2000,Low
How to Lose a Guy in 10 Days,177079973,50000000,2003,PG-13,116,Romantic Comedy,Contemporary Fiction,43,6.1,3.54159946,2000,Low
Shanghai Knights,60470220,50000000,2003,PG-13,114,Adventure,Historical Fiction,66,6.2,1.2094044,2000,Low
Daredevil,179179718,80000000,2003,PG-13,105,Action,Super Hero,44,5.5,2.239746475,2000,Medium
Old School,86325829,24000000,2003,R,91,Comedy,Contemporary Fiction,60,7.0,3.5969095416666668,2000,Low
Cradle 2 the Grave,56434942,25000000,2003,R,101,Horror,Contemporary Fiction,26,5.4,2.25739768,2000,Low
Bringing Down the House,164675402,20000000,2003,PG-13,105,Comedy,Contemporary Fiction,34,5.4,8.2337701,2000,Low
Tears of the Sun,85632458,75000000,2003,R,121,Action,Contemporary Fiction,34,6.4,1.1417661066666667,2000,Medium
The Hunted,45016494,55000000,2003,R,94,Action,Contemporary Fiction,31,5.8,0.8184817090909091,2000,Medium
Dreamcatcher,75685268,68000000,2003,R,136,Drama,Science Fiction,30,5.3,1.1130186470588235,2000,Medium
Basic,42598498,50000000,2003,R,98,Thriller,Contemporary Fiction,21,6.3,0.85196996,2000,Low
Head of State,38283765,35200000,2003,PG-13,95,Comedy,Contemporary Fiction,30,5.1,1.0876069602272727,2000,Low
The Core,74132631,85000000,2003,PG-13,133,Action,Science Fiction,42,5.3,0.8721486,2000,Medium
A Man Apart,44114828,36000000,2003,R,110,Action,Contemporary Fiction,11,5.7,1.225411888888889,2000,Low
Phone Booth,97837138,11000000,2003,R,81,Thriller,Contemporary Fiction,71,7.2,8.894285272727272,2000,Low
What a Girl Wants,35990505,25000000,2003,PG,105,Comedy,Contemporary Fiction,34,5.7,1.4396202,2000,Low
Anger Management,195660942,56000000,2003,PG-13,106,Comedy,Contemporary Fiction,43,6.1,3.493945392857143,2000,Medium
Holes,72383924,20000000,2003,PG,117,Drama,Contemporary Fiction,77,7.1,3.6191962,2000,Low
Identity,90231264,28000000,2003,R,90,Thriller,Contemporary Fiction,62,7.3,3.2225451428571428,2000,Low
Daddy Day Care,164285587,60000000,2003,PG,92,Comedy,Contemporary Fiction,28,5.5,2.7380931166666667,2000,Medium
The Matrix Reloaded,738576929,127000000,2003,R,138,Action,Science Fiction,73,7.1,5.8155663700787406,2000,High
Bruce Almighty,485004995,81000000,2003,PG-13,101,Comedy,Fantasy,48,6.6,5.987715987654321,2000,Medium
Finding Nemo,867894287,94000000,2003,G,100,Adventure,Kids Fiction,98,8.2,9.232917946808511,2000,Medium
The Italian Job,175826012,60000000,2003,PG-13,111,Adventure,Contemporary Fiction,73,6.9,2.9304335333333333,2000,Medium
2 Fast 2 Furious,236220058,76000000,2003,PG-13,107,Action,Contemporary Fiction,36,5.1,3.108158657894737,2000,Medium
Hollywood Homicide,51107785,75000000,2003,PG-13,116,Action,Contemporary Fiction,30,5.2,0.6814371333333333,2000,Medium
Hulk,245360480,137000000,2003,PG-13,138,Action,Super Hero,62,5.7,1.790952408759124,2000,High
28 Days Later...,82719885,15000000,2003,R,113,Horror,Science Fiction,89,7.6,5.514659,2000,Low
The League of Extraordinary Gentlemen,179265204,78000000,2003,PG-13,110,Adventure,Super Hero,17,5.5,2.2982718461538463,2000,Medium
Bad Boys II,272940870,130000000,2003,R,147,Action,Contemporary Fiction,24,6.2,2.099545153846154,2000,High
Seabiscuit,148336445,86000000,2003,PG-13,141,Drama,Historical Fiction,77,7.4,1.7248423837209301,2000,Medium
Freaky Friday,160822438,26000000,2003,PG,97,Comedy,Contemporary Fiction,88,6.5,6.185478384615385,2000,Low
Freddy vs. Jason,114326122,25000000,2003,R,97,Horror,Contemporary Fiction,41,5.8,4.57304488,2000,Low
Open Range,68293719,26000000,2003,R,139,Western,Historical Fiction,79,7.5,2.6266815,2000,Low
Once Upon a Time in Mexico,98156459,29000000,2003,R,102,Action,Contemporary Fiction,68,6.2,3.3847054827586205,2000,Low
Lost in Translation,106454000,4000000,2003,R,102,Drama,Contemporary Fiction,94,7.9,26.6135,2000,Low
Underworld,95708457,22000000,2003,R,121,Action,Contemporary Fiction,30,6.7,4.350384409090909,2000,Low
Out of Time,55489826,50000000,2003,PG-13,105,Thriller,Contemporary Fiction,65,4.9,1.10979652,2000,Low
Mystic River,156835191,30000000,2003,R,137,Drama,Contemporary Fiction,87,8.0,5.2278397,2000,Low
Kill Bill: Volume 1,180098138,55000000,2003,R,111,Action,Contemporary Fiction,85,8.2,3.2745116,2000,Medium
Intolerable Cruelty,121327628,60000000,2003,PG-13,100,Romantic Comedy,Contemporary Fiction,75,6.4,2.0221271333333335,2000,Medium
Scary Movie 3,155200000,45000000,2003,PG-13,84,Comedy,Contemporary Fiction,37,5.4,3.448888888888889,2000,Low
The Matrix Revolutions,424259759,110000000,2003,R,129,Action,Science Fiction,37,6.5,3.8569069,2000,High
Elf,220443451,32000000,2003,PG,95,Comedy,Kids Fiction,84,6.8,6.88885784375,2000,Low
Master and Commander: The Far Side of the World,209486484,135000000,2003,PG-13,138,Adventure,Historical Fiction,85,7.5,1.5517517333333333,2000,High
Bad Santa,60063017,18000000,2003,R,91,Comedy,Contemporary Fiction,77,7.3,3.3368342777777777,2000,Low
The Missing,38253433,65000000,2003,R,137,Western,Historical Fiction,59,7.4,0.5885143538461538,2000,Medium
Honey,62192232,18000000,2003,PG-13,94,Drama,Contemporary Fiction,20,4.6,3.455124,2000,Low
The Last Samurai,456810575,120000000,2003,R,154,Action,Historical Fiction,65,7.8,3.8067547916666666,2000,High
Big Fish,123432867,70000000,2003,PG-13,125,Drama,Fantasy,77,8.1,1.7633266714285714,2000,Medium
Something's Gotta Give,266685242,80000000,2003,PG-13,128,Romantic Comedy,Contemporary Fiction,70,6.8,3.333565525,2000,Medium
Stuck On You,63537164,55000000,2003,PG-13,118,Comedy,Contemporary Fiction,60,5.9,1.1552211636363636,2000,Medium
Mona Lisa Smile,121598309,65000000,2003,PG-13,117,Drama,Historical Fiction,35,6.1,1.8707432153846153,2000,Medium
Cheaper by the Dozen,189714544,40000000,2003,PG,98,Comedy,Contemporary Fiction,24,5.6,4.7428636,2000,Low
Cold Mountain,161632614,80000000,2003,R,152,Drama,Historical Fiction,70,7.3,2.020407675,2000,Medium
Paycheck,89350576,60000000,2003,PG-13,119,Thriller,Science Fiction,28,6.1,1.4891762666666666,2000,Medium
Peter Pan,95255485,100000000,2003,PG,113,Adventure,Fantasy,76,7.1,0.95255485,2000,Medium
50 First Dates,196376832,75000000,2004,PG-13,99,Romantic Comedy,Contemporary Fiction,44,6.8,2.61835776,2000,Medium
The Passion of the Christ,611899420,25000000,2004,R,127,Drama,Dramatization,50,7.1,24.4759768,2000,Low
Twisted,40119848,50000000,2004,R,97,Thriller,Contemporary Fiction,2,4.8,0.80239696,2000,Low
Hidalgo,107336658,78000000,2004,PG-13,136,Western,Historical Fiction,46,6.6,1.376111,2000,Medium
Starsky & Hutch,170200225,60000000,2004,PG-13,101,Comedy,Historical Fiction,64,6.2,2.8366704166666667,2000,Medium
Secret Window,92958031,40000000,2004,PG-13,96,Thriller,Fantasy,46,6.5,2.323950775,2000,Low
Dawn of the Dead,102290765,28000000,2004,R,100,Horror,Science Fiction,76,7.4,3.6532416071428573,2000,Low
Eternal Sunshine of the Spotless Mind,47066518,20000000,2004,R,108,Comedy,Fantasy,93,8.5,2.3533259,2000,Low
Jersey Girl,37066129,35000000,2004,PG-13,102,Comedy,Contemporary Fiction,40,6.2,1.0590322571428572,2000,Low
The Ladykillers,77692139,35000000,2004,R,104,Comedy,Contemporary Fiction,54,6.2,2.2197754,2000,Low
Hellboy,99823958,60000000,2004,PG-13,122,Action,Super Hero,81,6.8,1.6637326333333333,2000,Medium
Walking Tall,47313824,56000000,2004,PG-13,87,Action,Contemporary Fiction,25,6.0,0.8448897142857142,2000,Medium
Man on Fire,118706816,60000000,2004,R,146,Thriller,Contemporary Fiction,38,7.7,1.9784469333333334,2000,Medium
Mean Girls,128947227,18000000,2004,PG-13,97,Comedy,Contemporary Fiction,83,7.0,7.163734833333334,2000,Low
Van Helsing,300150546,170000000,2004,PG-13,132,Action,Historical Fiction,22,5.5,1.7655914470588234,2000,High
Troy,497398577,150000000,2004,R,163,Action,Historical Fiction,54,7.0,3.3159905133333334,2000,High
Shrek 2,919838758,70000000,2004,PG,92,Adventure,Kids Fiction,89,7.5,13.140553685714286,2000,Medium
Raising Helen,43340302,50000000,2004,PG-13,119,Comedy,Contemporary Fiction,22,5.7,0.86680604,2000,Low
The Day After Tomorrow,544272402,125000000,2004,PG-13,124,Adventure,Science Fiction,46,6.3,4.354179216,2000,High
Harry Potter and the Prisoner of Azkaban,795538952,130000000,2004,PG,141,Adventure,Fantasy,90,7.7,6.1195304,2000,High
Napoleon Dynamite,46140956,400000,2004,PG,82,Comedy,Contemporary Fiction,70,6.9,115.35239,2000,Low
The Chronicles of Riddick,107212751,120000000,2004,PG-13,119,Adventure,Science Fiction,29,6.4,0.8934395916666666,2000,High
The Stepford Wives,96221971,100000000,2004,PG-13,93,Comedy,Contemporary Fiction,26,5.1,0.96221971,2000,Medium
Around the World in 80 Days,72004159,110000000,2004,PG,120,Adventure,Historical Fiction,30,5.6,0.6545832636363637,2000,High
The Terminal,218673959,75000000,2004,PG-13,128,Drama,Dramatization,60,7.1,2.9156527866666666,2000,Medium
Fahrenheit 9/11,222414517,6000000,2004,R,122,Documentary,Factual,83,7.6,37.069086166666665,2000,Low
White Chicks,111448997,20000000,2004,PG-13,109,Comedy,Contemporary Fiction,15,5.0,5.57244985,2000,Low
The Notebook,102276787,30000000,2004,PG-13,123,Drama,Contemporary Fiction,52,8.0,3.4092262333333334,2000,Low
Spider-Man 2,783705001,200000000,2004,PG-13,127,Adventure,Super Hero,93,7.7,3.918525005,2000,High
King Arthur,203877963,90000000,2004,PG-13,126,Adventure,Historical Fiction,31,6.2,2.2653107,2000,Medium
The Bourne Supremacy,288587450,85000000,2004,PG-13,108,Action,Contemporary Fiction,81,7.6,3.3951464705882355,2000,Medium
Garden State,32381151,2500000,2004,R,109,Drama,Contemporary Fiction,86,7.9,12.9524604,2000,Low
The Manchurian Candidate,96148711,80000000,2004,R,129,Thriller,Historical Fiction,81,6.7,1.2018588875,2000,Medium
The Village,260197520,71682975,2004,PG-13,108,Thriller,Contemporary Fiction,42,6.6,3.6298370707967966,2000,Medium
Collateral,217670152,60000000,2004,R,120,Action,Contemporary Fiction,86,7.8,3.6278358666666666,2000,Medium
Cellular,45261739,45000000,2004,PG-13,94,Thriller,Contemporary Fiction,54,6.5,1.0058164222222221,2000,Low
Ladder 49,102332848,60000000,2004,PG-13,105,Action,Contemporary Fiction,40,6.5,1.7055474666666666,2000,Medium
Shark Tale,367275019,75000000,2004,PG,90,Adventure,Kids Fiction,35,5.9,4.897000253333333,2000,Medium
Friday Night Lights,61950770,30000000,2004,PG-13,117,Drama,Contemporary Fiction,81,7.2,2.0650256666666666,2000,Low
Sideways,109705641,17000000,2004,R,125,Drama,Contemporary Fiction,97,7.8,6.453273,2000,Low
The Incredibles,632882184,92000000,2004,PG,121,Adventure,Super Hero,97,8.1,6.879154173913044,2000,Medium
The Polar Express,305420597,170000000,2004,G,99,Adventure,Kids Fiction,56,6.7,1.7965917470588235,2000,High
After the Sunset,38329114,57000000,2004,PG-13,97,Action,Contemporary Fiction,18,6.2,0.6724405964912281,2000,Medium
Finding Neverland,118676606,25000000,2004,PG,106,Drama,Historical Fiction,82,7.9,4.74706424,2000,Low
National Treasure,347405002,100000000,2004,PG,131,Adventure,Contemporary Fiction,44,6.9,3.47405002,2000,Medium
Alexander,167297191,155000000,2004,R,175,Adventure,Dramatization,16,5.4,1.0793367161290321,2000,High
Closer,115987757,35000000,2004,R,104,Drama,Contemporary Fiction,68,2.9,3.313935914285714,2000,Low
The Life Aquatic with Steve Zissou,34806726,50000000,2004,R,118,Comedy,Contemporary Fiction,53,7.2,0.69613452,2000,Low
Ocean's Twelve,363531634,85000000,2004,PG-13,125,Adventure,Contemporary Fiction,55,6.0,4.276842752941176,2000,Medium
Million Dollar Baby,216763646,30000000,2004,PG-13,132,Drama,Contemporary Fiction,91,8.2,7.2254548666666665,2000,Low
The Aviator,214608827,110000000,2004,PG-13,170,Drama,Dramatization,88,7.6,1.9509893363636364,2000,High
Lemony Snicket's A Series of Unfortunate Events,201627117,100000000,2004,PG,108,Comedy,Kids Fiction,71,6.9,2.01627117,2000,Medium
Spanglish,54344321,75000000,2004,PG-13,103,Comedy,Contemporary Fiction,52,6.7,0.7245909466666667,2000,Medium
Meet the Fockers,516567575,60000000,2004,PG-13,115,Comedy,Contemporary Fiction,38,6.4,8.609459583333333,2000,Medium
The Phantom of the Opera,158225796,55000000,2004,PG-13,143,Musical,Historical Fiction,33,7.2,2.8768326545454546,2000,Medium
Fat Albert,48563556,45000000,2004,PG,93,Comedy,Contemporary Fiction,21,4.0,1.0791901333333334,2000,Low
In Good Company,63489752,26000000,2004,PG-13,109,Comedy,Contemporary Fiction,84,6.8,2.4419135384615385,2000,Low
Are We There Yet?,97918663,20000000,2005,PG,94,Romantic Comedy,Kids Fiction,12,4.2,4.89593315,2000,Low
Alone in the Dark,8178569,20000000,2005,R,96,Horror,Fantasy,1,2.3,0.40892845,2000,Low
Hitch,366784257,55000000,2005,PG-13,113,Romantic Comedy,Contemporary Fiction,69,5.7,6.668804672727273,2000,Medium
Constantine,230884728,75000000,2005,R,122,Action,Contemporary Fiction,46,6.7,3.07846304,2000,Medium
Be Cool,94849401,75000000,2005,PG-13,115,Comedy,Contemporary Fiction,30,5.6,1.26465868,2000,Medium
The Pacifier,198006880,56000000,2005,PG,97,Comedy,Contemporary Fiction,20,5.3,3.535837142857143,2000,Medium
Robots,260700012,80000000,2005,PG,89,Adventure,Kids Fiction,64,6.4,3.25875015,2000,Medium
Sin City,158753820,40000000,2005,R,126,Action,Fantasy,77,8.3,3.9688455,2000,Low
The Interpreter,163954076,90000000,2005,PG-13,118,Thriller,Contemporary Fiction,58,6.5,1.8217119555555557,2000,Medium
Crash,98387109,6500000,2005,R,107,Drama,Contemporary Fiction,75,6.1,15.136478307692308,2000,Low
Monster-in-Law,155931301,45000000,2005,PG-13,95,Comedy,Contemporary Fiction,16,5.1,3.465140022222222,2000,Low
The Longest Yard,190320568,82000000,2005,PG-13,113,Comedy,Contemporary Fiction,31,6.2,2.320982536585366,2000,Medium
Madagascar,532680671,75000000,2005,PG,83,Adventure,Kids Fiction,55,6.6,7.1024089466666664,2000,Medium
Cinderella Man,108539911,88000000,2005,PG-13,144,Drama,Dramatization,80,8.0,1.2334080795454545,2000,Medium
Batman Begins,372353017,150000000,2005,PG-13,140,Action,Super Hero,84,8.3,2.4823534466666666,2000,High
Bewitched,131413159,80000000,2005,PG-13,100,Comedy,Fantasy,24,4.8,1.6426644875,2000,Medium
Fantastic Four,330579719,87500000,2005,PG-13,123,Action,Super Hero,27,5.7,3.7780539314285715,2000,Medium
Charlie and the Chocolate Factory,474459076,150000000,2005,PG,115,Comedy,Kids Fiction,82,7.1,3.1630605066666666,2000,High
The Dukes of Hazzard,110570227,53000000,2005,PG-13,105,Comedy,Contemporary Fiction,13,4.7,2.0862306981132077,2000,Medium
Four Brothers,92494381,30000000,2005,R,109,Drama,Contemporary Fiction,52,6.8,3.083146033333333,2000,Low
The Exorcism of Emily Rose,144216468,18000000,2005,PG-13,114,Thriller,Dramatization,45,6.8,8.012026,2000,Low
Serenity,38514517,39000000,2005,PG-13,119,Action,Science Fiction,81,8.0,0.987551717948718,2000,Low
Wallace & Gromit: The Curse of the Were-Rabbit,185724838,30000000,2005,G,85,Adventure,Kids Fiction,95,7.9,6.190827933333333,2000,Low
Domino,17759202,50000000,2005,R,133,Action,Dramatization,19,5.9,0.35518404,2000,Low
Elizabethtown,50719373,54000000,2005,PG-13,133,Drama,Contemporary Fiction,28,6.4,0.9392476481481481,2000,Medium
The Fog,37048526,18000000,2005,PG-13,101,Horror,Contemporary Fiction,5,3.3,2.0582514444444446,2000,Low
Saw II,152925093,5000000,2005,R,91,Horror,Contemporary Fiction,36,6.8,30.5850186,2000,Low
The Legend of Zorro,141475336,80000000,2005,PG,129,Adventure,Historical Fiction,26,5.7,1.7684417,2000,Medium
Chicken Little,314432738,60000000,2005,G,80,Adventure,Kids Fiction,36,5.8,5.240545633333333,2000,Medium
Jarhead,96947540,72000000,2005,R,115,Drama,Dramatization,61,7.2,1.3464936111111112,2000,Medium
Harry Potter and the Goblet of Fire,896013036,150000000,2005,PG-13,157,Adventure,Fantasy,88,7.6,5.97342024,2000,High
Walk the Line,184319402,29000000,2005,PG-13,80,Drama,Dramatization,82,7.9,6.3558414482758625,2000,Low
Brokeback Mountain,180343761,13900000,2005,R,134,Drama,Historical Fiction,87,7.8,12.974371294964028,2000,Low
Memoirs of a Geisha,161510853,85000000,2005,PG-13,145,Drama,Historical Fiction,36,7.1,1.9001276823529412,2000,Medium
King Kong,550517357,207000000,2005,PG-13,187,Adventure,Fantasy,83,7.6,2.6595041400966184,2000,High
Cheaper by the Dozen 2,135015330,60000000,2005,PG,94,Comedy,Contemporary Fiction,7,5.2,2.2502555,2000,Medium
The White Countess,2814566,16000000,2005,PG-13,135,Drama,Historical Fiction,51,6.5,0.175910375,2000,Low
Superman Returns,391120000,232000000,2006,PG-13,157,Adventure,Super Hero,76,6.6,1.6858620689655173,2000,High
Pirates of the Caribbean: Dead Man's Chest,1065659812,225000000,2006,PG-13,151,Adventure,Fantasy,54,7.3,4.736265831111111,2000,High
Miami Vice,163818556,135000000,2006,R,132,Action,Contemporary Fiction,47,6.0,1.2134707851851851,2000,High
Step Up,115328121,12000000,2006,PG-13,98,Drama,Contemporary Fiction,19,6.1,9.61067675,2000,Low
Snakes on a Plane,62020814,33000000,2006,R,105,Thriller,Contemporary Fiction,68,6.0,1.879418606060606,2000,Low
The Covenant,38164784,20000000,2006,PG-13,95,Thriller,Contemporary Fiction,3,4.8,1.9082392,2000,Low
The Black Dahlia,46672813,60000000,2006,R,121,Thriller,Historical Fiction,33,5.6,0.7778802166666666,2000,Medium
Gridiron Gang,41480851,30000000,2006,PG-13,126,Drama,Dramatization,41,6.8,1.3826950333333334,2000,Low
All the King's Men,9521458,55000000,2006,PG-13,128,Drama,Historical Fiction,11,6.0,0.1731174181818182,2000,Medium
Flyboys,14816379,60000000,2006,PG-13,139,Drama,Dramatization,33,6.5,0.24693965,2000,Medium
The Last King of Scotland,48363516,6000000,2006,R,121,Drama,Dramatization,87,7.8,8.060586,2000,Low
School for Scoundrels,17807569,20000000,2006,PG-13,101,Comedy,Contemporary Fiction,26,6.0,0.89037845,2000,Low
The Queen,122840603,15000000,2006,PG-13,103,Drama,Dramatization,97,7.6,8.189373533333333,2000,Low
The Departed,290539042,90000000,2006,R,152,Drama,Contemporary Fiction,93,8.5,3.2282115777777776,2000,Medium
Little Children,14763019,14000000,2006,R,136,Drama,Contemporary Fiction,79,7.8,1.0545013571428572,2000,Low
One Night with the King,13395961,20000000,2006,PG,124,Drama,Historical Fiction,16,6.0,0.66979805,2000,Low
The Prestige,107896006,40000000,2006,PG-13,131,Thriller,Historical Fiction,75,8.4,2.69740015,2000,Low
Catch a Fire,5699773,14000000,2006,PG-13,101,Thriller,Dramatization,76,6.8,0.40712664285714284,2000,Low
Saw III,163876815,10000000,2006,R,107,Horror,Contemporary Fiction,25,6.3,16.3876815,2000,Low
Flushed Away,177665672,149000000,2006,PG,85,Comedy,Kids Fiction,72,7.0,1.1923870604026845,2000,High
A Good Year,42064105,35000000,2006,PG-13,118,Drama,Contemporary Fiction,24,6.8,1.2018315714285714,2000,Low
Stranger Than Fiction,45235190,30000000,2006,PG-13,112,Comedy,Contemporary Fiction,72,7.8,1.5078396666666667,2000,Low
Bobby,20597806,14000000,2006,R,120,Drama,Dramatization,46,7.1,1.4712718571428571,2000,Low
For Your Consideration,5549923,12000000,2006,PG-13,86,Comedy,Contemporary Fiction,50,6.2,0.46249358333333335,2000,Low
Happy Feet,385000317,85000000,2006,PG,108,Adventure,Kids Fiction,74,6.7,4.529415494117647,2000,Medium
Casino Royale,596365000,102000000,2006,PG-13,144,Action,Contemporary Fiction,94,8.0,5.84671568627451,2000,High
The Fountain,15461638,35000000,2006,PG-13,96,Drama,Science Fiction,51,7.4,0.44176108571428574,2000,Low
The Nativity Story,46432264,35000000,2006,PG,102,Drama,Dramatization,37,6.6,1.3266361142857144,2000,Low
Apocalypto,117785051,40000000,2006,R,136,Adventure,Historical Fiction,64,7.9,2.944626275,2000,Low
Blood Diamond,171377916,100000000,2006,R,143,Action,Historical Fiction,62,8.0,1.71377916,2000,Medium
The Holiday,205190324,85000000,2006,PG-13,131,Romantic Comedy,Contemporary Fiction,47,6.9,2.414003811764706,2000,Medium
Charlotte's Web,143985708,82500000,2006,G,98,Drama,Fantasy,78,6.7,1.7452813090909092,2000,Medium
Dreamgirls,154965956,75000000,2006,PG-13,130,Musical,Historical Fiction,78,6.6,2.066212746666667,2000,Medium
The Good German,1308696,32000000,2006,R,104,Drama,Historical Fiction,32,6.1,0.04089675,2000,Low
The Pursuit of Happyness,306086036,55000000,2006,PG-13,116,Drama,Dramatization,66,7.8,5.565200654545454,2000,Medium
Letters from Iwo Jima,68756082,13000000,2006,R,141,Drama,Historical Fiction,91,8.1,5.288929384615384,2000,Low
Night at the Museum,574480841,110000000,2006,PG,108,Comedy,Fantasy,43,6.4,5.2225531,2000,High
Children of Men,69450202,76000000,2006,R,114,Thriller,Science Fiction,93,8.1,0.9138184473684211,2000,Medium
Perfume: The Story of a Murderer,132180323,63700000,2006,R,147,Drama,Historical Fiction,58,7.5,2.07504431711146,2000,Medium
Miss Potter,35025861,30000000,2006,PG,92,Drama,Dramatization,66,7.1,1.1675287,2000,Low
Code Name: The Cleaner,8135024,20000000,2007,PG-13,91,Comedy,Contemporary Fiction,4,4.0,0.4067512,2000,Low
Freedom Writers,43090741,21000000,2007,PG-13,122,Drama,Dramatization,69,7.5,2.0519400476190475,2000,Low
Epic Movie,86858578,20000000,2007,PG-13,86,Comedy,Contemporary Fiction,2,2.2,4.3429289,2000,Low
Smokin' Aces,56047261,17000000,2007,R,108,Comedy,Contemporary Fiction,28,6.6,3.296897705882353,2000,Low
Hannibal Rising,80583311,50000000,2007,R,121,Thriller,Historical Fiction,15,6.0,1.61166622,2000,Low
Ghost Rider,237702596,120000000,2007,PG-13,110,Action,Super Hero,26,5.2,1.9808549666666666,2000,High
The Number 23,76593167,32000000,2007,R,95,Thriller,Contemporary Fiction,8,6.2,2.39353646875,2000,Low
300,456068181,60000000,2007,R,117,Action,Historical Fiction,60,7.8,7.60113635,2000,Medium
I Think I Love My Wife,13205411,14000000,2007,R,94,Romantic Comedy,Contemporary Fiction,19,5.5,0.9432436428571429,2000,Low
Reign Over Me,20081987,20000000,2007,R,128,Drama,Historical Fiction,63,7.7,1.00409935,2000,Low
Shooter,95203582,60000000,2007,R,125,Thriller,Contemporary Fiction,48,7.2,1.5867263666666667,2000,Medium
The Reaping,62226214,40000000,2007,R,100,Horror,Fantasy,8,5.6,1.55565535,2000,Low
Disturbia,117573043,20000000,2007,PG-13,104,Thriller,Contemporary Fiction,68,7.0,5.87865215,2000,Low
Hot Fuzz,79197493,16000000,2007,R,121,Comedy,Contemporary Fiction,91,8.0,4.9498433125,2000,Low
Lucky You,6521829,55000000,2007,PG-13,122,Drama,Historical Fiction,28,5.9,0.11857870909090909,2000,Medium
Spider-Man 3,890871626,258000000,2007,PG-13,139,Adventure,Super Hero,63,6.4,3.4529907984496124,2000,High
Georgia Rule,20819601,20000000,2007,R,111,Drama,Contemporary Fiction,17,5.8,1.04098005,2000,Low
Pirates of the Caribbean: At World's End,960996492,300000000,2007,PG-13,167,Adventure,Fantasy,45,7.0,3.20332164,2000,High
Knocked Up,218994109,27500000,2007,R,132,Romantic Comedy,Contemporary Fiction,90,7.5,7.963422145454546,2000,Low
Ocean's Thirteen,311744465,85000000,2007,PG-13,122,Adventure,Contemporary Fiction,70,6.9,3.6675819411764707,2000,Medium
Evan Almighty,173219280,175000000,2007,PG,78,Comedy,Fantasy,23,5.5,0.9898244571428572,2000,High
A Mighty Heart,18932117,15000000,2007,R,100,Drama,Dramatization,78,6.7,1.2621411333333334,2000,Low
You Kill Me,2426851,4000000,2007,R,92,Black Comedy,Contemporary Fiction,78,6.7,0.60671275,2000,Low
Live Free or Die Hard,383531464,110000000,2007,PG-13,128,Action,Contemporary Fiction,82,7.5,3.486649672727273,2000,High
Ratatouille,620495432,150000000,2007,G,111,Comedy,Fantasy,96,8.1,4.136636213333333,2000,High
License to Wed,70799818,35000000,2007,PG,90,Romantic Comedy,Contemporary Fiction,7,5.1,2.0228519428571428,2000,Low
Transformers,708272592,151000000,2007,PG-13,140,Action,Science Fiction,57,7.3,4.690546966887418,2000,High
Harry Potter and the Order of the Phoenix,938468864,150000000,2007,PG-13,138,Adventure,Fantasy,78,7.4,6.2564590933333335,2000,High
Hairspray,202823091,75000000,2007,PG,117,Musical,Historical Fiction,91,7.2,2.70430788,2000,Medium
I Now Pronounce You Chuck and Larry,185708462,85000000,2007,PG-13,115,Comedy,Contemporary Fiction,14,6.1,2.1848054352941175,2000,Medium
Sunshine,32030610,40000000,2007,R,108,Thriller,Science Fiction,74,7.3,0.80076525,2000,Low
The Simpsons Movie,527071022,72500000,2007,PG-13,86,Comedy,Contemporary Fiction,89,7.6,7.269945131034483,2000,Medium
The Bourne Ultimatum,442161562,130000000,2007,PG-13,114,Action,Contemporary Fiction,93,8.2,3.4012427846153845,2000,High
Rush Hour 3,253025968,180000000,2007,PG-13,91,Action,Contemporary Fiction,19,6.0,1.4056998222222221,2000,High
Stardust,135556675,70000000,2007,PG-13,128,Adventure,Fantasy,76,7.9,1.9365239285714286,2000,Medium
Death at a Funeral,34743644,20000000,2007,R,90,Comedy,Contemporary Fiction,61,5.1,1.7371822,2000,Low
Superbad,169863226,17500000,2007,R,112,Comedy,Contemporary Fiction,87,7.8,9.706470057142857,2000,Low
3:10 to Yuma,69791889,48000000,2007,R,117,Western,Historical Fiction,89,7.9,1.4539976875,2000,Low
In the Valley of Elah,24489150,23000000,2007,R,120,Drama,Dramatization,73,7.4,1.0647456521739131,2000,Low
Into the Wild,53813837,20000000,2007,R,147,Drama,Contemporary Fiction,82,8.2,2.69069185,2000,Low
Resident Evil: Extinction,146162920,45000000,2007,R,95,Action,Science Fiction,22,6.2,3.248064888888889,2000,Low
The Game Plan,147914546,22000000,2007,PG,110,Comedy,Contemporary Fiction,27,6.3,6.7233884545454545,2000,Low
The Kingdom,86509602,72500000,2007,R,110,Action,Contemporary Fiction,51,7.1,1.1932358896551725,2000,Medium
We Own the Night,54700285,28000000,2007,R,117,Drama,Contemporary Fiction,56,7.0,1.9535816071428571,2000,Low
Rendition,20437142,27500000,2007,R,121,Thriller,Contemporary Fiction,46,6.9,0.7431688,2000,Low
American Gangster,265697825,100000000,2007,R,157,Drama,Dramatization,79,7.9,2.65697825,2000,Medium
Bee Movie,287594577,150000000,2007,PG,90,Comedy,Kids Fiction,51,6.3,1.91729718,2000,High
Lions for Lambs,63211088,35000000,2007,R,90,Drama,Contemporary Fiction,27,6.2,1.8060310857142856,2000,Low
Beowulf,194995215,150000000,2007,PG-13,115,Adventure,Fantasy,70,6.6,1.2999681,2000,High
Love in the Time of Cholera,31077418,45000000,2007,R,139,Drama,Historical Fiction,27,6.2,0.6906092888888888,2000,Low
Redacted,65388,5000000,2007,R,90,Drama,Dramatization,44,6.1,0.0130776,2000,Low
Enchanted,340384141,85000000,2007,PG,108,Romantic Comedy,Fantasy,92,7.5,4.0045193058823525,2000,Medium
The Mist,54777490,13000000,2007,R,127,Horror,Science Fiction,73,7.4,4.213653076923077,2000,Low
Juno,230327671,7000000,2007,PG-13,95,Comedy,Contemporary Fiction,93,7.9,32.903953,2000,Low
Atonement,129425746,30000000,2007,R,130,Drama,Contemporary Fiction,83,7.9,4.314191533333333,2000,Low
Alvin and the Chipmunks,360578644,55000000,2007,PG,92,Comedy,Kids Fiction,27,5.5,6.555975345454545,2000,Medium
The Kite Runner,73222245,20000000,2007,PG-13,122,Drama,Contemporary Fiction,66,7.8,3.66111225,2000,Low
I am Legend,585055701,150000000,2007,PG-13,100,Horror,Science Fiction,69,7.1,3.90037134,2000,High
The Great Debaters,30226144,15000000,2007,PG-13,130,Drama,Dramatization,79,7.6,2.0150762666666666,2000,Low
Welcome Home Roscoe Jenkins,43607627,27500000,2008,PG-13,114,Comedy,Contemporary Fiction,23,4.5,1.585731890909091,2000,Low
88 Minutes,32955399,30000000,2008,R,106,Thriller,Contemporary Fiction,5,5.9,1.0985133,2000,Low
The Forbidden Kingdom,129075270,55000000,2008,PG-13,105,Action,Fantasy,64,6.7,2.346823090909091,2000,Medium
Iron Man,582604126,186000000,2008,PG-13,126,Action,Super Hero,94,7.9,3.132280247311828,2000,High
The Happening,163403799,60000000,2008,R,89,Thriller,Science Fiction,18,5.2,2.72339665,2000,Medium
The Incredible Hulk,263349257,137500000,2008,PG-13,112,Adventure,Super Hero,66,7.1,1.9152673236363635,2000,High
WALL-E,532743103,180000000,2008,G,97,Comedy,Kids Fiction,96,8.5,2.9596839055555555,2000,High
Wanted,340934768,75000000,2008,R,110,Action,Science Fiction,71,6.4,4.545796906666666,2000,Medium
The Dark Knight,1022345358,185000000,2008,PG-13,152,Action,Super Hero,93,8.9,5.526191124324324,2000,High
The Mummy: Tomb of the Dragon Emperor,397912118,175000000,2008,PG-13,111,Adventure,Fantasy,13,5.1,2.2737835314285713,2000,High
Tropic Thunder,188163455,90000000,2008,R,106,Comedy,Contemporary Fiction,83,7.2,2.0907050555555555,2000,Medium
The Rocker,8767338,15000000,2008,PG-13,102,Comedy,Contemporary Fiction,40,6.3,0.5844892,2000,Low
Death Race,72516819,65000000,2008,R,105,Action,Science Fiction,41,6.6,1.1156433692307692,2000,Medium
The House Bunny,70237389,25000000,2008,PG-13,98,Comedy,Contemporary Fiction,39,5.5,2.80949556,2000,Low
Babylon A.D.,70216497,45000000,2008,PG-13,100,Action,Science Fiction,7,5.3,1.5603666,2000,Low
Disaster Movie,34690901,20000000,2008,PG-13,88,Comedy,Contemporary Fiction,2,1.7,1.73454505,2000,Low
Bangkok Dangerous,46598133,45000000,2008,R,98,Action,Contemporary Fiction,9,5.4,1.0355140666666667,2000,Low
Righteous Kill,76781410,60000000,2008,R,100,Thriller,Contemporary Fiction,20,6.0,1.2796901666666667,2000,Medium
Ghost Town,26612350,20000000,2008,PG-13,102,Romantic Comedy,Fantasy,85,4.7,1.3306175,2000,Low
Lakeview Terrace,44263506,20000000,2008,PG-13,106,Thriller,Contemporary Fiction,46,6.3,2.2131753,2000,Low
My Best Friend's Girl,34787111,20000000,2008,R,103,Comedy,Contemporary Fiction,15,5.8,1.73935555,2000,Low
Eagle Eye,178066569,80000000,2008,PG-13,117,Thriller,Contemporary Fiction,27,6.6,2.2258321125,2000,Medium
Fireproof,33451479,500000,2008,PG,122,Drama,Contemporary Fiction,40,5.6,66.902958,2000,Low
Religulous,13136074,2500000,2008,R,101,Documentary,Factual,69,7.8,5.2544296,2000,Low
An American Carol,7013191,20000000,2008,PG-13,84,Comedy,Fantasy,12,4.5,0.35065955,2000,Low
Nick and Norah's Infinite Playlist,31487293,10000000,2008,PG-13,90,Drama,Contemporary Fiction,73,6.8,3.1487293,2000,Low
Rachel Getting Married,13326280,12000000,2008,R,111,Drama,Contemporary Fiction,86,6.9,1.1105233333333333,2000,Low
Body of Lies,108394666,67500000,2008,R,129,Thriller,Contemporary Fiction,52,7.2,1.6058469037037038,2000,Medium
City of Ember,11817059,38000000,2008,PG,94,Adventure,Fantasy,53,6.4,0.31097523684210526,2000,Low
Zack and Miri Make a Porno,36851125,24000000,2008,R,101,Comedy,Contemporary Fiction,65,7.0,1.5354635416666667,2000,Low
Slumdog Millionaire,365257315,14000000,2008,R,116,Drama,Contemporary Fiction,94,8.3,26.089808214285714,2000,Low
Twilight,396439854,37000000,2008,PG-13,120,Drama,Fantasy,50,6.1,10.714590648648649,2000,Low
Frost/Nixon,28144586,29000000,2008,R,122,Drama,Dramatization,92,7.9,0.9705029655172414,2000,Low
The Reader,106107610,33000000,2008,R,123,Drama,Contemporary Fiction,61,7.7,3.215382121212121,2000,Low
The Wrestler,43236603,6000000,2008,R,109,Drama,Contemporary Fiction,98,8.2,7.2061005,2000,Low
The Tale of Despereaux,88717945,60000000,2008,G,93,Adventure,Kids Fiction,55,6.1,1.4786324166666667,2000,Medium
Yes Man,225990976,50000000,2008,PG-13,104,Comedy,Contemporary Fiction,43,7.0,4.51981952,2000,Low
The Curious Case of Benjamin Button,329809326,160000000,2008,PG-13,167,Drama,Fantasy,72,8.0,2.0613082875,2000,High
Valkyrie,198686497,75000000,2008,PG-13,120,Thriller,Dramatization,61,7.3,2.6491532933333333,2000,Medium
Paul Blart: Mall Cop,180449670,26000000,2009,PG,91,Comedy,Contemporary Fiction,35,5.3,6.940371923076923,2000,Low
Inkheart,58051454,60000000,2009,PG,105,Adventure,Fantasy,40,6.1,0.9675242333333334,2000,Medium
Knowing,187858642,50000000,2009,PG-13,121,Thriller,Contemporary Fiction,32,6.4,3.75717284,2000,Low
12 Rounds,18184083,20000000,2009,PG-13,108,Action,Contemporary Fiction,28,5.4,0.90920415,2000,Low
Monsters vs. Aliens,381687380,175000000,2009,PG,95,Adventure,Fantasy,72,6.8,2.181070742857143,2000,High
State of Play,91445389,60000000,2009,PG-13,127,Thriller,Contemporary Fiction,84,7.3,1.5240898166666668,2000,Medium
Dance Flick,32092761,25000000,2009,PG-13,83,Comedy,Contemporary Fiction,17,3.4,1.28371044,2000,Low
Drag Me To Hell,85724728,30000000,2009,PG-13,99,Horror,Fantasy,92,7.1,2.857490933333333,2000,Low
Up,731304609,175000000,2009,PG,96,Adventure,Kids Fiction,98,8.4,4.17888348,2000,High
Away We Go,10108016,21000000,2009,R,98,Comedy,Contemporary Fiction,66,7.3,0.4813340952380952,2000,Low
The Hangover,465132119,35000000,2009,R,99,Comedy,Contemporary Fiction,78,7.9,13.289489114285715,2000,Low
Land of the Lost,69548641,100000000,2009,PG-13,101,Comedy,Fantasy,26,5.3,0.69548641,2000,Medium
Imagine That,16123323,55000000,2009,PG,107,Comedy,Contemporary Fiction,38,5.4,0.29315132727272725,2000,Medium
The Proposal,317358031,40000000,2009,PG-13,107,Romantic Comedy,Contemporary Fiction,43,5.4,7.933950775,2000,Low
Year One,57604723,60000000,2009,PG-13,97,Comedy,Historical Fiction,14,5.0,0.9600787166666667,2000,Medium
Transformers: Revenge of the Fallen,836303693,210000000,2009,PG-13,149,Action,Science Fiction,20,6.0,3.982398538095238,2000,High
My Sister's Keeper,89053995,27500000,2009,PG-13,108,Drama,Contemporary Fiction,48,7.4,3.238327090909091,2000,Low
Harry Potter and the Half-Blood Prince,937499905,250000000,2009,PG,153,Adventure,Fantasy,83,7.3,3.74999962,2000,High
District 9,206552113,30000000,2009,R,111,Thriller,Science Fiction,91,8.3,6.8850704333333335,2000,Low
Inglourious Basterds,320389438,70000000,2009,R,152,Action,Historical Fiction,88,8.4,4.576991971428572,2000,Medium
Taking Woodstock,10061080,29000000,2009,R,120,Drama,Dramatization,48,6.8,0.3469337931034483,2000,Low
Cloudy with a Chance of Meatballs,139525862,100000000,2009,PG,90,Comedy,Kids Fiction,86,7.2,1.39525862,2000,Medium
Paranormal Activity,193770453,15000,2009,R,85,Horror,Contemporary Fiction,82,6.7,12918.0302,2000,Low
Surrogates,119668350,80000000,2009,PG-13,104,Action,Science Fiction,39,6.3,1.495854375,2000,Medium
Zombieland,98690286,23600000,2009,R,87,Comedy,Fantasy,89,7.8,4.181791779661017,2000,Low
Couples Retreat,172450423,60000000,2009,PG-13,113,Comedy,Contemporary Fiction,12,5.5,2.8741737166666668,2000,Medium
The Damned United,4054204,6400000,2009,R,97,Drama,Dramatization,94,7.5,0.633469375,2000,Low
Law Abiding Citizen,113190972,53000000,2009,R,108,Thriller,Contemporary Fiction,25,7.2,2.135678716981132,2000,Medium
Where the Wild Things Are,99123656,100000000,2009,PG,100,Adventure,Fantasy,73,7.2,0.99123656,2000,Medium
Saw VI,61259697,11000000,2009,R,91,Horror,Contemporary Fiction,42,6.2,5.569063363636364,2000,Low
The Men Who Stare at Goats,67348218,24000000,2009,R,93,Black Comedy,Contemporary Fiction,53,6.4,2.80617575,2000,Low
2012,766812167,200000000,2009,PG-13,158,Action,Science Fiction,39,6.2,3.834060835,2000,High
Me and Orson Welles,1190003,25000000,2009,PG-13,107,Drama,Historical Fiction,84,7.1,0.04760012,2000,Low
The Imaginarium of Doctor Parnassus,58692979,30000000,2009,PG-13,122,Adventure,Fantasy,64,7.1,1.9564326333333333,2000,Low
The City of Your Final Destination,493296,8300000,2010,PG-13,114,Drama,Contemporary Fiction,40,6.6,0.059433253012048194,2010,Low
Robin Hood,310885538,210000000,2010,PG-13,140,Action,Historical Fiction,43,6.9,1.480407323809524,2010,High
Inception,753830280,160000000,2010,PG-13,147,Thriller,Science Fiction,87,9.1,4.71143925,2010,High
Scott Pilgrim vs. The World,43149143,85000000,2010,PG-13,112,Comedy,Contemporary Fiction,81,8.1,0.5076369764705883,2010,Medium
The Town,33180607,37000000,2010,R,123,Drama,Contemporary Fiction,84,8.7,0.8967731621621622,2010,Low
